{
    
    "World.Heal1": {
        "text": "Rank: 1815 ",
        "score": 0.9749143719673157,
        "box": [
            345,
            983,
            624,
            1023
        ]
    },
    "World.Heal2": {
        "text": "1815",
        "score": 0.9999046325683594,
        "box": [
            651,
            985,
            738,
            1021
        ]
    },
    "World.Heal3": {
        "text": "Shadowy",
        "score": 0.9989710450172424,
        "box": [
            188,
            1213,
            355,
            1259
        ]
    },
    "World.Heal4": {
        "text": "[VKG]MARVEY CHASE",
        "score": 0.9889639616012573,
        "box": [
            605,
            1220,
            1008,
            1254
        ]
    },
    "World.Heal5": {
        "text": "1,021",
        "score": 0.9993360638618469,
        "box": [
            241,
            1266,
            350,
            1302
        ]
    },
    "World.Heal6": {
        "text": "*1,039",
        "score": 0.9923647046089172,
        "box": [
            732,
            1261,
            892,
            1307
        ]
    },
    "World.Heal7": {
        "text": "# 3430",
        "score": 0.9996662735939026,
        "box": [
            740,
            1324,
            868,
            1365
        ]
    },
    "World.Heal8": {
        "text": "7,000",
        "score": 0.963829517364502,
        "box": [
            523,
            1465,
            593,
            1492
        ]
    },
    "World.Heal9": {
        "text": "Gain Power by:",
        "score": 0.9994750022888184,
        "box": [
            409,
            1518,
            671,
            1567
        ]
    },
    "World.Heal10": {
        "text": "Enhance Hero",
        "score": 0.9789013266563416,
        "box": [
            202,
            1614,
            434,
            1648
        ]
    },
    "World.Heal11": {
        "text": "Recruit more heroes",
        "score": 0.9950162172317505,
        "box": [
            200,
            1746,
            535,
            1785
        ]
    },
    "World.Heal12": {
        "text": "Change Lineup",
        "score": 0.9996941685676575,
        "box": [
            197,
            1876,
            449,
            1925
        ]
    },
    "World.Heal13": {
        "text": "Tap anywhere to exit",
        "score": 0.9997108578681946,
        "box": [
            364,
            2354,
            714,
            2388
        ]
    }
}