{
    "World.Heal0": {
        "text": "Idle Income",
        "score": 0.9985679984092712,
        "box": [
            419,
            752,
            663,
            800
        ]
    },
    "World.Heal1": {
        "text": "Idle Time",
        "score": 0.9954173564910889,
        "box": [
            444,
            853,
            636,
            896
        ]
    },
    "World.Heal2": {
        "text": "04:52:07",
        "score": 0.9889146089553833,
        "box": [
            448,
            925,
            624,
            966
        ]
    },
    "World.Heal3": {
        "text": "3,330/h",
        "score": 0.9953020215034485,
        "box": [
            349,
            999,
            504,
            1048
        ]
    },
    "World.Heal4": {
        "text": "9,140/h",
        "score": 0.9995430707931519,
        "box": [
            738,
            1007,
            880,
            1047
        ]
    },
    "World.Heal5": {
        "text": "Rewards",
        "score": 0.9993754625320435,
        "box": [
            151,
            1095,
            321,
            1144
        ]
    },
    "World.Heal6": {
        "text": "16.2K",
        "score": 0.9787087440490723,
        "box": [
            251,
            1302,
            316,
            1328
        ]
    },
    "World.Heal7": {
        "text": "0",
        "score": 0.8441780209541321,
        "box": [
            176,
            1386,
            210,
            1417
        ]
    },
    
    "World.Heal9": {
        "text": "Max Idle Income: 9hrs",
        "score": 0.9933496117591858,
        "box": [
            371,
            1814,
            704,
            1852
        ]
    }
}