{   
    "ChiefProfile.Settings.GiftCode.Title": {
        "text": "Redeem Bundle",
        "score": 0.9690510630607605,
        "box": [
            373,
            1014,
            706,
            1066
        ]
    },
    "ChiefProfile.Settings.GiftCode.Close": {
        "text": "X",
        "score": 0.8185443878173828,
        "box": [
            934,
            1018,
            979,
            1059
        ]
    },
    "ChiefProfile.Settings.GiftCode.TextBox": {
        "text": "Enter Gift Code",
        "score": 0.9877538681030273,
        "box": [
            151,
            1235,
            411,
            1279
        ]
    },
    "ChiefProfile.Settings.GiftCode.Redeem": {
        "text": "Redeem",
        "score": 0.9993345737457275,
        "box": [
            442,
            1450,
            638,
            1516
        ]
    }
}