{
    "ChiefProfile.title": {
        "text": "Chief Profile",
        "score": 0.9951674938201904,
        "box": [
            140,
            150,
            427,
            205
        ]
    },
    "ChiefProfile.CollectionGalleryRank": {
        "text": "Bronze Medallion I",
        "score": 0.9090203046798706,
        "box": [
            827,
            1507,
            1056,
            1538
        ]
    },
    "CheifProfile.PlayerName": {
        "text": "[LAT]Shadow",
        "score": 0.9893856644630432,
        "box": [
            433,
            1876,
            950,
            1927
        ]
    },
    "ChiefProfile.PlayerID": {
        "text": "ID:578380047",
        "score": 0.9960470795631409,
        "box": [
            417,
            1965,
            678,
            2006
        ]
    },
    "ChiefProfile.FurnaceLevel": {
        "text": "3",
        "score": 0.9980460405349731,
        "box": [
            830,
            2034,
            930,
            2061
        ]
    },
    "ChiefProfile.Stamina": {
        "text": "71/200",
        "score": 0.9981598258018494,
        "box": [
            140,
            2192,
            320,
            2229
        ]
    },
    "ChiefProfile.State": {
        "text": "#3429",
        "score": 0.956793487071991,
        "box": [
            520,
            2209,
            648,
            2241
        ]
    },
    "ChiefProfile.Skins": {
        "text": "Skins",
        "score": 0.9984834790229797,
        "box": [
            93,
            2379,
            188,
            2418
        ]
    },
    "ChiefProfile.Troops": {
        "text": "Troops",
        "score": 0.9971314072608948,
        "box": [
            342,
            2377,
            469,
            2426
        ]
    },
    "ChiefProfile.Leaderboard": {
        "text": "Leaderboard",
        "score": 0.9976659417152405,
        "box": [
            568,
            2381,
            778,
            2417
        ]
    },
    "ChiefProfile.Settings": {
        "text": "Settings",
        "score": 0.9993451833724976,
        "box": [
            866,
            2376,
            1007,
            2427
        ]
    }
}