{
    "ChiefProfile.Settings.Account.Title": {
        "text": "Account",
        "score": 0.9993899464607239,
        "box": [
            136,
            150,
            338,
            209
        ]
    },
    "ChiefProfile.Settings.Account.ChangeAccount": {
        "text": "Change Account",
        "score": 0.997528076171875,
        "box": [
            348,
            2316,
            736,
            2387
        ]
    }
}