{
    "ChiefProfile.Settings.Title": {
        "text": "Settings",
        "score": 0.9997256994247437,
        "box": [
            131,
            142,
            332,
            220
        ]
    },
    "ChiefProfile.Settings.Account": {
        "text": "Account",
        "score": 0.9981905221939087,
        "box": [
            740,
            408,
            913,
            456
        ]
    },
    "ChiefProfile.Settings.Characters": {
        "text": "Characters",
        "score": 0.99968421459198,
        "box": [
            222,
            600,
            447,
            648
        ]
    },
    "ChiefProfile.Settings.GiftCode": {
        "text": "Gift Code",
        "score": 0.9392773509025574,
        "box": [
            729,
            785,
            921,
            839
        ]
    }
}