{
    "Home.Exploration0": {
        "text": "Exploration",
        "score": 0.9993129372596741,
        "box": [
            137,
            149,
            409,
            215
        ]
    },
    "Home.Exploration1": {
        "text": "Leader-",
        "score": 0.9945399165153503,
        "box": [
            933,
            383,
            1055,
            419
        ]
    },
    "Home.Exploration2": {
        "text": "board",
        "score": 0.998438835144043,
        "box": [
            942,
            423,
            1044,
            459
        ]
    },
    "Home.Exploration3": {
        "text": "Claim",
        "score": 0.9889460802078247,
        "box": [
            861,
            1894,
            987,
            1948
        ]
    },
    "Home.Exploration4": {
        "text": "413\u300b",
        "score": 0.9872469902038574,
        "box": [
            88,
            2091,
            223,
            2137
        ]
    },
    "Home.Exploration5": {
        "text": "414",
        "score": 0.9984865188598633,
        "box": [
            202,
            2090,
            300,
            2138
        ]
    },
    "Home.Exploration6": {
        "text": "416",
        "score": 0.9993631839752197,
        "box": [
            498,
            2090,
            578,
            2136
        ]
    },
    "Home.Exploration7": {
        "text": "417",
        "score": 0.9990382194519043,
        "box": [
            653,
            2090,
            729,
            2136
        ]
    },
    "Home.Exploration8": {
        "text": "418",
        "score": 0.9988496899604797,
        "box": [
            782,
            2094,
            861,
            2135
        ]
    },
    "Home.Exploration9": {
        "text": "419",
        "score": 0.9989173412322998,
        "box": [
            915,
            2095,
            988,
            2133
        ]
    },
    "Home.Exploration10": {
        "text": "Explore",
        "score": 0.9994411468505859,
        "box": [
            444,
            2271,
            637,
            2345
        ]
    }
}