{
    "Home.ChiefOrder0": {
        "text": "77.3M",
        "score": 0.9973246455192566,
        "box": [
            897,
            158,
            1000,
            193
        ]
    },
    "Home.ChiefOrder1": {
        "text": "Chief Order",
        "score": 0.9632502198219299,
        "box": [
            406,
            494,
            677,
            546
        ]
    },
    "Home.ChiefOrder2": {
        "text": "Urgent Mobiization",
        "score": 0.9621757864952087,
        "box": [
            176,
            1016,
            484,
            1062
        ]
    },
    "Home.ChiefOrder3": {
        "text": "Rush Job",
        "score": 0.9858837723731995,
        "box": [
            675,
            1021,
            817,
            1053
        ]
    },
    "Home.ChiefOrder4": {
        "text": "Comprehensive Care",
        "score": 0.9922413229942322,
        "box": [
            188,
            1506,
            475,
            1539
        ]
    },
    "Home.ChiefOrder5": {
        "text": "Double Time",
        "score": 0.9842640161514282,
        "box": [
            648,
            1502,
            843,
            1541
        ]
    },
    "Home.ChiefOrder6": {
        "text": "Productivity Day",
        "score": 0.9930066466331482,
        "box": [
            200,
            1979,
            458,
            2033
        ]
    },
    "Home.ChiefOrder7": {
        "text": "Festivities",
        "score": 0.9993093013763428,
        "box": [
            667,
            1987,
            822,
            2024
        ]
    }
}