{
    "Home.Alliance0": {
        "text": "Alliance",
        "score": 0.9985072612762451,
        "box": [
            137,
            149,
            329,
            209
        ]
    },
    "Home.Alliance1": {
        "text": "[LAT]lmperioLatino",
        "score": 0.9821134209632874,
        "box": [
            418,
            278,
            770,
            325
        ]
    },
    "Home.Alliance2": {
        "text": "Alliance",
        "score": 0.9563828706741333,
        "box": [
            480,
            362,
            609,
            401
        ]
    },
    "Home.Alliance3": {
        "text": "Leader:",
        "score": 0.9577170610427856,
        "box": [
            605,
            365,
            729,
            400
        ]
    },
    "Home.Alliance4": {
        "text": "AngelaLAT",
        "score": 0.9952857494354248,
        "box": [
            866,
            354,
            1031,
            409
        ]
    },
    "Home.Alliance5": {
        "text": "Power:",
        "score": 0.9754521250724792,
        "box": [
            479,
            416,
            598,
            457
        ]
    },
    "Home.Alliance6": {
        "text": "5,423,309,328",
        "score": 0.9987558126449585,
        "box": [
            779,
            413,
            1025,
            458
        ]
    },
    "Home.Alliance7": {
        "text": "Rank:",
        "score": 0.9611247777938843,
        "box": [
            480,
            468,
            574,
            505
        ]
    },
    "Home.Alliance8": {
        "text": "4",
        "score": 0.9980485439300537,
        "box": [
            998,
            474,
            1020,
            498
        ]
    },
    "Home.Alliance9": {
        "text": "Members:",
        "score": 0.9939342737197876,
        "box": [
            479,
            520,
            636,
            558
        ]
    },
    "Home.Alliance10": {
        "text": "78/100",
        "score": 0.9994657039642334,
        "box": [
            909,
            521,
            1023,
            557
        ]
    },
    "Home.Alliance11": {
        "text": "Language:",
        "score": 0.9959009885787964,
        "box": [
            478,
            574,
            643,
            616
        ]
    },
    "Home.Alliance12": {
        "text": "All languages",
        "score": 0.9758453965187073,
        "box": [
            818,
            572,
            1026,
            617
        ]
    },
    "Home.Alliance13": {
        "text": "11",
        "score": 0.9682674407958984,
        "box": [
            136,
            669,
            174,
            708
        ]
    },
    "Home.Alliance14": {
        "text": "Maxed",
        "score": 0.9983217120170593,
        "box": [
            515,
            672,
            624,
            712
        ]
    },
    "Home.Alliance15": {
        "text": "Our alliance needs each and every one of you",
        "score": 0.992549479007721,
        "box": [
            67,
            781,
            798,
            827
        ]
    },
    "Home.Alliance16": {
        "text": "Let's arow toaether. support each other, and become",
        "score": 0.9680824875831604,
        "box": [
            67,
            871,
            935,
            915
        ]
    },
    "Home.Alliance17": {
        "text": "MAlALata",
        "score": 0.8982796669006348,
        "box": [
            128,
            916,
            300,
            959
        ]
    },
    "Home.Alliance18": {
        "text": "\u2190",
        "score": 0.8721375465393066,
        "box": [
            961,
            926,
            1003,
            962
        ]
    },
    "Home.Alliance19": {
        "text": "65",
        "score": 0.9847420454025269,
        "box": [
            1000,
            1037,
            1047,
            1069
        ]
    },
    "Home.Alliance20": {
        "text": "War",
        "score": 0.9938302636146545,
        "box": [
            317,
            1091,
            421,
            1150
        ]
    },
    "Home.Alliance21": {
        "text": "Chests",
        "score": 0.9995960593223572,
        "box": [
            811,
            1096,
            944,
            1147
        ]
    },
    "Home.Alliance22": {
        "text": "Territory",
        "score": 0.9996644258499146,
        "box": [
            279,
            1292,
            457,
            1355
        ]
    },
    "Home.Alliance23": {
        "text": "Battle",
        "score": 0.9197843074798584,
        "box": [
            817,
            1297,
            940,
            1345
        ]
    },
    "Home.Alliance24": {
        "text": "Shop",
        "score": 0.9843376874923706,
        "box": [
            311,
            1490,
            425,
            1563
        ]
    },
    "Home.Alliance25": {
        "text": "Tech",
        "score": 0.9993889331817627,
        "box": [
            823,
            1495,
            929,
            1549
        ]
    },
    "Home.Alliance26": {
        "text": "Power Rankings",
        "score": 0.996062695980072,
        "box": [
            214,
            1694,
            522,
            1755
        ]
    },
    "Home.Alliance27": {
        "text": "Help",
        "score": 0.9969455003738403,
        "box": [
            825,
            1695,
            928,
            1758
        ]
    },
    "Home.Alliance28": {
        "text": "Members",
        "score": 0.9995595216751099,
        "box": [
            207,
            2391,
            382,
            2436
        ]
    },
    "Home.Alliance29": {
        "text": "Triumph",
        "score": 0.9997352957725525,
        "box": [
            455,
            2389,
            623,
            2446
        ]
    },
    "Home.Alliance30": {
        "text": "Settings",
        "score": 0.9995970726013184,
        "box": [
            705,
            2388,
            865,
            2448
        ]
    }
}