{
    "Home.Exploration.Explore.Fight0": {
        "text": "10.2M",
        "score": 0.9895964860916138,
        "box": [
            141,
            151,
            316,
            226
        ]
    },
    "Home.Exploration.Explore.Fight1": {
        "text": "416",
        "score": 0.9997873902320862,
        "box": [
            497,
            161,
            583,
            212
        ]
    },
    "Home.Exploration.Explore.Fight2": {
        "text": "14.1M",
        "score": 0.9909912347793579,
        "box": [
            779,
            165,
            882,
            207
        ]
    },
    "Home.Exploration.Explore.Fight3": {
        "text": "Auto",
        "score": 0.9970534443855286,
        "box": [
            941,
            1811,
            1035,
            1856
        ]
    },
    "Home.Exploration.Explore.Fight4": {
        "text": "3",
        "score": 0.9982682466506958,
        "box": [
            96,
            2250,
            132,
            2293
        ]
    },
    "Home.Exploration.Explore.Fight5": {
        "text": "6",
        "score": 0.9971537590026855,
        "box": [
            522,
            2249,
            558,
            2287
        ]
    }
}