{
    "Home.Exploration.Explore.Fight.Pause0": {
        "text": "C",
        "score": 0.8756131529808044,
        "box": [
            180,
            1232,
            274,
            1336
        ]
    },
    "Home.Exploration.Explore.Fight.Pause1": {
        "text": "Retreat",
        "score": 0.9999254941940308,
        "box": [
            159,
            1399,
            300,
            1444
        ]
    },
    "Home.Exploration.Explore.Fight.Pause2": {
        "text": "Restart",
        "score": 0.9999006986618042,
        "box": [
            469,
            1399,
            610,
            1443
        ]
    },
    "Home.Exploration.Explore.Fight.Pause3": {
        "text": "Continue",
        "score": 0.9996911883354187,
        "box": [
            765,
            1397,
            934,
            1444
        ]
    }
}