{
    "Home.Alliance.War.AutoJoin0": {
        "text": "Auto-Join",
        "score": 0.9991610646247864,
        "box": [
            431,
            527,
            647,
            576
        ]
    },
    "Home.Alliance.War.AutoJoin1": {
        "text": "Auto-Join time remaining:",
        "score": 0.9654322862625122,
        "box": [
            73,
            622,
            518,
            668
        ]
    },
    "Home.Alliance.War.AutoJoin2": {
        "text": "02:54:31",
        "score": 0.9875679016113281,
        "box": [
            516,
            623,
            675,
            667
        ]
    },
    "Home.Alliance.War.AutoJoin3": {
        "text": "Current Position: No. 17",
        "score": 0.9764665961265564,
        "box": [
            75,
            682,
            474,
            726
        ]
    },
    "Home.Alliance.War.AutoJoin4": {
        "text": "Choose Troops",
        "score": 0.9948608875274658,
        "box": [
            414,
            765,
            666,
            820
        ]
    },
    "Home.Alliance.War.AutoJoin5": {
        "text": "All Troops (Deploy heroes automatically)",
        "score": 0.9889867901802063,
        "box": [
            195,
            860,
            864,
            912
        ]
    },
    "Home.Alliance.War.AutoJoin6": {
        "text": "Use the Formation",
        "score": 0.9780745506286621,
        "box": [
            195,
            961,
            505,
            1008
        ]
    },
    "Home.Alliance.War.AutoJoin7": {
        "text": "Queue Limit",
        "score": 0.9961984157562256,
        "box": [
            438,
            1088,
            645,
            1136
        ]
    },
    "Home.Alliance.War.AutoJoin8": {
        "text": "00",
        "score": 0.8560181856155396,
        "box": [
            630,
            1195,
            669,
            1242
        ]
    },
    "Home.Alliance.War.AutoJoin9": {
        "text": "+",
        "score": 0.9467200636863708,
        "box": [
            699,
            1203,
            742,
            1242
        ]
    },
    "Home.Alliance.War.AutoJoin10": {
        "text": "6",
        "score": 0.997975766658783,
        "box": [
            863,
            1199,
            896,
            1237
        ]
    },
    "Home.Alliance.War.AutoJoin11": {
        "text": "Select type (multiple choice)",
        "score": 0.9950746893882751,
        "box": [
            308,
            1344,
            767,
            1395
        ]
    },
    "Home.Alliance.War.AutoJoin12": {
        "text": "Polar Terror",
        "score": 0.9740710854530334,
        "box": [
            196,
            1420,
            398,
            1461
        ]
    },
    "Home.Alliance.War.AutoJoin13": {
        "text": "Team rewards claimed: 25/50",
        "score": 0.9862779974937439,
        "box": [
            197,
            1462,
            664,
            1502
        ]
    },
    "Home.Alliance.War.AutoJoin14": {
        "text": "Hero's Mission",
        "score": 0.9936390519142151,
        "box": [
            198,
            1523,
            425,
            1560
        ]
    },
    "Home.Alliance.War.AutoJoin15": {
        "text": "Team rewards claimed: 14/50",
        "score": 0.9927470684051514,
        "box": [
            197,
            1564,
            658,
            1601
        ]
    },
    "Home.Alliance.War.AutoJoin16": {
        "text": "Gina's Revenge",
        "score": 0.9973583817481995,
        "box": [
            196,
            1621,
            432,
            1668
        ]
    },
    "Home.Alliance.War.AutoJoin17": {
        "text": "Team rewards claimed: 0/50",
        "score": 0.9759693145751953,
        "box": [
            198,
            1665,
            644,
            1702
        ]
    },
    "Home.Alliance.War.AutoJoin18": {
        "text": "Only Auto-Join After Exiting Game",
        "score": 0.9847086071968079,
        "box": [
            287,
            1832,
            870,
            1882
        ]
    },
    "Home.Alliance.War.AutoJoin19": {
        "text": "Stop",
        "score": 0.9964983463287354,
        "box": [
            209,
            1930,
            339,
            2018
        ]
    },
    "Home.Alliance.War.AutoJoin20": {
        "text": "Restart",
        "score": 0.9998407959938049,
        "box": [
            665,
            1937,
            847,
            2001
        ]
    },
    "Home.Alliance.War.AutoJoin21": {
        "text": "Auto-Join is available 1 minute after rally call",
        "score": 0.9912633895874023,
        "box": [
            132,
            2100,
            948,
            2155
        ]
    }
}