{
    "Home0": {
        "text": "06:23",
        "score": 0.9944909811019897,
        "box": [
            208,
            136,
            309,
            172
        ]
    },
    "Home1": {
        "text": "32/32",
        "score": 0.9998669624328613,
        "box": [
            426,
            137,
            524,
            173
        ]
    },
    "Home2": {
        "text": "932.6M",
        "score": 0.9975448250770569,
        "box": [
            645,
            136,
            777,
            172
        ]
    },
    "Home3": {
        "text": "285,053",
        "score": 0.9994214773178101,
        "box": [
            874,
            137,
            1012,
            176
        ]
    },
    "Home4": {
        "text": "+",
        "score": 0.9526591897010803,
        "box": [
            1032,
            141,
            1062,
            174
        ]
    },
    "Home5": {
        "text": "144,584,850",
        "score": 0.9976440072059631,
        "box": [
            195,
            202,
            425,
            250
        ]
    },
    "Home6": {
        "text": "-7.9\u2103",
        "score": 0.9937254786491394,
        "box": [
            474,
            204,
            607,
            259
        ]
    },
    "Home7": {
        "text": "VIP7",
        "score": 0.9888848662376404,
        "box": [
            698,
            202,
            788,
            242
        ]
    },
    "Home8": {
        "text": "Events",
        "score": 0.9947425723075867,
        "box": [
            962,
            388,
            1037,
            413
        ]
    },
    "Home9": {
        "text": "Deals",
        "score": 0.9973104596138,
        "box": [
            968,
            533,
            1030,
            555
        ]
    },
    "Home10": {
        "text": "10:44:21",
        "score": 0.9239240884780884,
        "box": [
            948,
            674,
            1042,
            699
        ]
    },
    "Home11": {
        "text": "ishingTournar",
        "score": 0.979290246963501,
        "box": [
            920,
            814,
            1079,
            849
        ]
    },
    "Home12": {
        "text": "1d 03:11:04",
        "score": 0.996126115322113,
        "box": [
            152,
            1548,
            369,
            1596
        ]
    },
    "Home13": {
        "text": "30",
        "score": 0.9530280232429504,
        "box": [
            8,
            1932,
            87,
            2012
        ]
    },
    "Home14": {
        "text": "\u2460",
        "score": 0.9467449188232422,
        "box": [
            1024,
            2052,
            1052,
            2078
        ]
    },
    "Home15": {
        "text": "Clear",
        "score": 0.9906278848648071,
        "box": [
            120,
            2101,
            213,
            2137
        ]
    },
    "Home16": {
        "text": "Exploration Stage 420 (O/1)",
        "score": 0.9439983367919922,
        "box": [
            204,
            2098,
            643,
            2141
        ]
    },
    "Home17": {
        "text": "Serg:",
        "score": 0.990515410900116,
        "box": [
            106,
            2206,
            189,
            2246
        ]
    },
    "Home18": {
        "text": "Serg:Tak no nopaAky oHn nAyT",
        "score": 0.836763322353363,
        "box": [
            105,
            2244,
            532,
            2292
        ]
    },
    "Home19": {
        "text": "67",
        "score": 0.9973936080932617,
        "box": [
            825,
            2312,
            859,
            2336
        ]
    },
    "Home20": {
        "text": "Exploration",
        "score": 0.9990976452827454,
        "box": [
            25,
            2406,
            191,
            2444
        ]
    },
    "Home21": {
        "text": "Heroes",
        "score": 0.9992959499359131,
        "box": [
            227,
            2406,
            339,
            2444
        ]
    },
    "Home22": {
        "text": "Backpack",
        "score": 0.999439537525177,
        "box": [
            379,
            2406,
            535,
            2445
        ]
    },
    "Home23": {
        "text": "Shop",
        "score": 0.9841350317001343,
        "box": [
            586,
            2401,
            673,
            2452
        ]
    },
    "Home24": {
        "text": "Alliance",
        "score": 0.9977891445159912,
        "box": [
            739,
            2405,
            866,
            2442
        ]
    },
    "Home25": {
        "text": "World",
        "score": 0.9866986274719238,
        "box": [
            917,
            2402,
            1030,
            2442
        ]
    }
}