{
    "ChiefProfile.Title": {
        "text": "Chief Profile",
        "score": 0.9951674938201904,
        "box": [
            12.96,
            6.1,
            39.54,
            8.33
        ]
    },
    "ChiefProfile.CollectionGalleryRank": {
        "text": "Bronze Medallion I",
        "score": 0.9090203046798706,
        "box": [
            76.57,
            61.26,
            97.78,
            62.52
        ]
    },
    "ChiefProfile.PlayerName": {
        "text": "[LAT]Shadow",
        "score": 0.9893856644630432,
        "box": [
            40.09,
            76.26,
            81.48,
            78.33
        ]
    },
    "ChiefProfile.PlayerID": {
        "text": "ID:578380047",
        "score": 0.9960470795631409,
        "box": [
            43.52,
            79.88,
            62.78,
            81.54
        ]
    },
    "ChiefProfile.FurnaceLevel": {
        "text": "3",
        "score": 0.9980460405349731,
        "box": [
            76.85,
            82.68,
            92.59,
            83.78
        ]
    },
    "ChiefProfile.Stamina": {
        "text": "71/200",
        "score": 0.9981598258018494,
        "box": [
            12.96,
            89.11,
            20.56,
            90.61
        ]
    },
    "ChiefProfile.State": {
        "text": "#3429",
        "score": 0.956793487071991,
        "box": [
            48.15,
            89.8,
            60.0,
            91.1
        ]
    },
    "ChiefProfile.Skins": {
        "text": "Skins",
        "score": 0.9984834790229797,
        "box": [
            8.61,
            96.71,
            17.41,
            98.29
        ]
    },
    "ChiefProfile.Troops": {
        "text": "Troops",
        "score": 0.9971314072608948,
        "box": [
            31.67,
            96.63,
            43.43,
            98.62
        ]
    },
    "ChiefProfile.Leaderboard": {
        "text": "Leaderboard",
        "score": 0.9976659417152405,
        "box": [
            52.59,
            96.79,
            72.04,
            98.25
        ]
    }
}