{
    "Global.SidePanel": {
        "text": "",
        "score": 0.9820523858070374,
        "box": [
            0.0,
            28.05,
            62.04,
            67.07
        ]
    },
    "Global.SidePanel.City": {
        "text": "City",
        "score": 0.993590235710144,
        "box": [
            13.15,
            29.02,
            18.98,
            30.73
        ]
    },
    "Global.SidePanel.Wilderness": {
        "text": "Wilderness",
        "score": 0.9940485954284668,
        "box": [
            38.98,
            29.15,
            53.8,
            30.57
        ]
    },
    "Global.SidePanel.17": {
        "text": "Building Queue 1",
        "score": 0.9960094690322876,
        "box": [
            20.56,
            34.59,
            42.59,
            36.02
        ]
    },
    "Global.SidePanel.BuildingQueue1.Status": {
        "text": "Idle",
        "score": 0.9034603834152222,
        "box": [
            13.89,
            36.38,
            46.3,
            37.72
        ]
    },
    "Global.SidePanel.20": {
        "text": "Building Queue 2",
        "score": 0.9966723918914795,
        "box": [
            20.28,
            39.02,
            42.59,
            40.49
        ]
    },
    "Global.SidePanel.BuildingQueue2.Status": {
        "text": "Purchase",
        "score": 0.9988387823104858,
        "box": [
            13.89,
            40.98,
            46.3,
            42.07
        ]
    },
    "Global.SidePanel.Infantry": {
        "text": "Infantry",
        "score": 0.9889113903045654,
        "box": [
            25.56,
            45.89,
            36.39,
            47.44
        ]
    },
    "Global.SidePanel.Infantry.RemainingTime": {
        "text": "02:38:51",
        "score": 0.9213000535964966,
        "box": [
            25.93,
            47.8,
            36.02,
            48.82
        ]
    },
    "Global.SidePanel.Lancer": {
        "text": "Lancer",
        "score": 0.9942035675048828,
        "box": [
            26.57,
            50.57,
            35.56,
            51.59
        ]
    },
    "Global.SidePanel.Lancer.RemainingTime": {
        "text": "02:38:42",
        "score": 0.9510324001312256,
        "box": [
            25.65,
            52.28,
            36.39,
            53.29
        ]
    },
    "Global.SidePanel.Marksman": {
        "text": "Marksman",
        "score": 0.9955049753189087,
        "box": [
            23.98,
            54.8,
            38.15,
            56.18
        ]
    },
    "Global.SidePanel.Marksman.RemainingTime": {
        "text": "02:39:19",
        "score": 0.9410237669944763,
        "box": [
            25.83,
            56.63,
            36.11,
            57.76
        ]
    },
    "Global.SidePanel.CentralResearch.Title": {
        "text": "Lance Upgrade V",
        "score": 0.9867518544197083,
        "box": [
            20.19,
            61.59,
            42.04,
            63.25
        ]
    },
    "Global.SidePanel.CentralResearch.RemainingTime": {
        "text": "2d18:06:43",
        "score": 0.9808317422866821,
        "box": [
            23.98,
            63.54,
            37.78,
            64.67
        ]
    }
}