{
    "Home.ChiefOrder.UrgentMobilization.Gems": {
        "text": "285,053",
        "score": 0.9992026090621948,
        "box": [
            55.83,
            6.18,
            69.44,
            8.13
        ]
    },
    "Home.ChiefOrder.UrgentMobilization.Currency": {
        "text": "77.3M",
        "score": 0.9990726709365845,
        "box": [
            84.26,
            6.34,
            93.98,
            7.93
        ]
    },
    "Home.ChiefOrder.UrgentMobilization.Title": {
        "text": "Urgent Mobilization",
        "score": 0.9971672892570496,
        "box": [
            33.24,
            48.41,
            66.67,
            50.49
        ]
    },
    "Home.ChiefOrder.UrgentMobilization.Cost": {
        "text": "50,000",
        "score": 0.9820523858070374,
        "box": [
            45.19,
            69.55,
            59.54,
            71.75
        ]
    }
}