{
    "Home.Exploration.Explore.Fight.Pause.Retreat": {
        "text": "Retreat",
        "score": 0.9999254941940308,
        "box": [
            14.72,
            56.87,
            27.78,
            58.7
        ]
    },
    "Home.Exploration.Explore.Fight.Pause.Restart": {
        "text": "Restart",
        "score": 0.9999006986618042,
        "box": [
            43.43,
            56.87,
            56.48,
            58.66
        ]
    },
    "Home.Exploration.Explore.Fight.Pause.Continue": {
        "text": "Continue",
        "score": 0.9996911883354187,
        "box": [
            70.83,
            56.79,
            86.48,
            58.7
        ]
    }
}