{
    "Home.Survivor": {
        "text": "32/32",
        "score": 0.9999885559082031,
        "box": [
            39.07,
            5.41,
            48.89,
            7.15
        ]
    },
    "Home.Coal": {
        "text": "937.2M",
        "score": 0.9998717904090881,
        "box": [
            59.63,
            5.53,
            71.85,
            7.03
        ]
    },
    "Home.Gems": {
        "text": "326,248",
        "score": 0.9999874234199524,
        "box": [
            80.46,
            5.41,
            94.35,
            7.15
        ]
    },
    "Home.Power": {
        "text": "143,488,645",
        "score": 0.9999483227729797,
        "box": [
            17.96,
            8.21,
            39.54,
            10.16
        ]
    },
    "Home.VIPLevel": {
        "text": "VIP",
        "score": 0.9974967837333679,
        "box": [
            64.44,
            8.21,
            70.56,
            9.88
        ]
    },
    "Home.Events": {
        "text": "Events",
        "score": 0.9993309378623962,
        "box": [
            88.89,
            15.73,
            96.02,
            16.87
        ]
    },
    "Home.Deal": {
        "text": "Deals",
        "score": 0.9990406036376953,
        "box": [
            89.54,
            21.59,
            95.37,
            22.64
        ]
    },
    "Home.Exploration": {
        "text": "Exploration",
        "score": 0.9999743103981018,
        "box": [
            2.59,
            98.01,
            17.22,
            99.15
        ]
    },
    "Home.Heroes": {
        "text": "Heroes",
        "score": 0.999800980091095,
        "box": [
            21.11,
            97.85,
            31.39,
            99.19
        ]
    },
    "Home.Backpack": {
        "text": "Backpack",
        "score": 0.999982476234436,
        "box": [
            35.37,
            97.97,
            49.17,
            99.27
        ]
    },
    "Home.Shop": {
        "text": "Shop",
        "score": 0.9999544620513916,
        "box": [
            54.44,
            97.8,
            62.13,
            99.47
        ]
    },
    "Home.Alliance": {
        "text": "Alliance",
        "score": 0.9998621940612793,
        "box": [
            68.52,
            97.85,
            80.0,
            99.23
        ]
    },
    "Home.World": {
        "text": "World",
        "score": 0.9998614192008972,
        "box": [
            85.09,
            97.76,
            95.28,
            99.23
        ]
    },
    "Home.ChiefStamina.ObtainMore.Claim": {
        "text": "Claim",
        "score": 0.9899139404296875,
        "box": [
            75.56,
            35.69,
            85.56,
            37.52
        ]
    },
    "Home.ChiefStamina.ObtainMore.Use": {
        "text": "Use",
        "score": 0.9985271096229553,
        "box": [
            77.13,
            44.39,
            83.8,
            46.22
        ]
    }
}