{
    "Home.TroopTraining.Title": {
        "text": "Apex Marksman",
        "score": 0.9912929534912109,
        "box": [
            29.07,
            5.93,
            71.11,
            8.98
        ]
    },
    "Home.TroopTraining.FireCrystalLevel": {
        "text": "3",
        "score": 0.9984561204910278,
        "box": [
            3.98,
            11.54,
            7.87,
            13.54
        ]
    },
    "Home.TroopTraining.MeatCost": {
        "text": "4.8B/1.7M",
        "score": 0.999338686466217,
        "box": [
            15.28,
            72.48,
            31.67,
            73.9
        ]
    },
    "Home.TroopTraining.WoodCost": {
        "text": "4.8B/2.5M",
        "score": 0.999568521976471,
        "box": [
            57.59,
            72.36,
            75.28,
            74.02
        ]
    },
    "Home.TroopTraining.CoalCost": {
        "text": "1.0B/429,536",
        "score": 0.9968644976615906,
        "box": [
            15.28,
            75.89,
            37.41,
            77.44
        ]
    },
    "Home.TroopTraining.IronCost": {
        "text": "348.7M/138,880",
        "score": 0.9977312088012695,
        "box": [
            57.69,
            75.85,
            84.44,
            77.4
        ]
    },
    "Home.TroopTraining.TrainigAmount": {
        "text": "992",
        "score": 0.9993441700935364,
        "box": [
            71.3,
            80.77,
            78.7,
            82.48
        ]
    },
    "Home.TroopTraining.Finish": {
        "text": "Finish",
        "score": 0.9973459839820862,
        "box": [
            21.39,
            88.25,
            31.76,
            90.04
        ]
    },
    "Home.TroopTraining.Train": {
        "text": "Train",
        "score": 0.9981261491775513,
        "box": [
            68.7,
            88.25,
            78.24,
            90.04
        ]
    },
    "Home.TroopTraining.Speedup": {
        "text": "Speedup",
        "score": 0.9987236261367798,
        "box": [
            63.52,
            88.82,
            83.43,
            91.91
        ]
    },
    "Home.TroopTraining.Finish.Cost": {
        "text": "10,416",
        "score": 0.9983742237091064,
        "box": [
            22.22,
            90.12,
            35.74,
            92.48
        ]
    },
    "Home.TroopTraining.TrainingTime": {
        "text": "13:01:10",
        "score": 0.9772818088531494,
        "box": [
            68.43,
            90.28,
            83.24,
            92.11
        ]
    },
    "Home.TroopTraining.InfantryCamp": {
        "text": "Infantry Camp",
        "score": 0.9850755929946899,
        "box": [
            5.83,
            97.8,
            30.93,
            99.88
        ]
    },
    "Home.TroopTraining.LancerCamp": {
        "text": "Lancer Camp",
        "score": 0.9949512481689453,
        "box": [
            38.43,
            97.8,
            61.39,
            99.88
        ]
    },
    "Home.TroopTraining.MarksmanCamp": {
        "text": "Marksman Camp",
        "score": 0.9765811562538147,
        "box": [
            67.04,
            97.93,
            95.83,
            99.76
        ]
    },
    "Home.TroopTraining.Speedup.Title": {
        "text": "Troop Training Speedup",
        "score": 0.9621051549911499,
        "box": [
            4.72,
            25.24,
            53.43,
            28.13
        ]
    },
    "Home.TroopTraining.Speedup.RemainingTime": {
        "text": "02:38:28",
        "score": 0.9474002718925476,
        "box": [
            41.57,
            30.69,
            58.24,
            32.52
        ]
    },
    "Home.TroopTraining.Speedup.Finish": {
        "text": "Finish",
        "score": 0.99709552526474,
        "box": [
            24.17,
            59.51,
            35.28,
            61.59
        ]
    },
    "Home.TroopTraining.Speedup.Use": {
        "text": "Use",
        "score": 0.9992523193359375,
        "box": [
            65.37,
            60.24,
            75.09,
            63.01
        ]
    },
    "Home.TroopTraining.Speedup.Finish.Cost": {
        "text": "2,113",
        "score": 0.998323917388916,
        "box": [
            26.48,
            61.5,
            36.94,
            63.98
        ]
    },
    "Home.TroopTraining.Speedup.QuickUse": {
        "text": "Quick Use",
        "score": 0.9985880255699158,
        "box": [
            39.35,
            66.95,
            60.83,
            69.35
        ]
    },
    "Home.TroopTraining.Speedup.QuickUse.Use": {
        "text": "Use",
        "score": 0.9981744885444641,
        "box": [
            45.0,
            72.28,
            54.91,
            75.2
        ]
    }
}