{
    "Home.Alliance.Chests.Title": {
        "text": "Chests",
        "score": 0.9998205304145813,
        "box": [
            12.59,
            6.02,
            27.59,
            8.5
        ]
    },
    "Home.Alliance.Chests.LootChest": {
        "text": "Loot Chest",
        "score": 0.9689172506332397,
        "box": [
            17.31,
            28.33,
            36.11,
            30.04
        ]
    },
    "Home.Alliance.Chests.AllianceGift": {
        "text": "Alliance Gift",
        "score": 0.9891817569732666,
        "box": [
            62.5,
            28.13,
            84.44,
            30.08
        ]
    },
    "Home.Alliance.Chests.Claim": {
        "text": "Claim",
        "score": 0.994733989238739,
        "box": [
            78.8,
            42.93,
            89.35,
            44.84
        ]
    },
    "Home.Alliance.Chests.LootChest.ClaimAll": {
        "text": "Claim All",
        "score": 0.8800263404846191,
        "box": [
            40.09,
            94.39,
            60.19,
            96.83
        ]
    },
    "Home.Alliance.Chests.LootChest.ClaimAll.Title": {
        "text": "Rewards",
        "score": 0.9987489581108093,
        "box": [
            36.57,
            31.5,
            63.43,
            34.31
        ]
    },
    "Home.Alliance.Chests.LootChest.ClaimAll.TapAnywhereToExit": {
        "text": "Tap anywhere to exit",
        "score": 0.9839407801628113,
        "box": [
            31.67,
            93.05,
            68.15,
            95.08
        ]
    },
    "Home.Alliance.Chests.HonorChest.TapAnywhereToExit": {
        "text": "Tap anywhere to exit",
        "score": 0.9998291730880737,
        "box": [
            31.94,
            92.93,
            67.87,
            94.96
        ]
    }
}