{
    "Home.Alliance.War.AutoJoin.Title": {
        "text": "Auto-Join",
        "score": 0.9991610646247864,
        "box": [
            39.91,
            21.42,
            59.91,
            23.41
        ]
    },
    "Home.Alliance.War.AutoJoin.UseFormation": {
        "text": "Use the Formation",
        "score": 0.9780745506286621,
        "box": [
            18.06,
            39.07,
            46.76,
            40.98
        ]
    },
    "Home.Alliance.War.AutoJoin.IncreaseQueueLimit": {
        "text": "+",
        "score": 0.9467200636863708,
        "box": [
            64.72,
            48.9,
            68.7,
            50.49
        ]
    },
    "Home.Alliance.War.AutoJoin.QueueLimit": {
        "text": "6",
        "score": 0.997975766658783,
        "box": [
            79.91,
            48.74,
            82.96,
            50.28
        ]
    },
    "Home.Alliance.War.AutoJoin.AutoJoinAftreExit": {
        "text": "Only Auto-Join After Exiting Game",
        "score": 0.9847086071968079,
        "box": [
            26.57,
            74.47,
            80.56,
            76.5
        ]
    },
    "Home.Alliance.War.AutoJoin.Stop": {
        "text": "Stop",
        "score": 0.9964983463287354,
        "box": [
            19.35,
            78.46,
            31.39,
            82.03
        ]
    },
    "Home.Alliance.War.AutoJoin.Restart": {
        "text": "Restart",
        "score": 0.9998407959938049,
        "box": [
            61.57,
            78.74,
            78.43,
            81.34
        ]
    },
    "Home.Alliance.War.AutoJoin.Enable": {
        "text": "Enable",
        "score": 0.998887300491333,
        "box": [
            61.85,
            78.7,
            77.78,
            81.26
        ]
    }
}