{
    "Home.Survivor": {
        "text": "32/32",
        "score": 0.9999885559082031,
        "box": [
            422,
            133,
            528,
            176
        ]
    },
    "Home.Coal": {
        "text": "937.2M",
        "score": 0.9998717904090881,
        "box": [
            644,
            136,
            776,
            173
        ]
    },
    "Home.Gems": {
        "text": "326,248",
        "score": 0.9999874234199524,
        "box": [
            869,
            133,
            1019,
            176
        ]
    },
    "Home.Power": {
        "text": "143,488,645",
        "score": 0.9999483227729797,
        "box": [
            194,
            202,
            427,
            250
        ]
    },
    "Home.VIPLevel": {
        "text": "VIP 7",
        "score": 0.9974967837333679,
        "box": [
            696,
            202,
            789,
            243
        ]
    },
    "Home.Events": {
        "text": "Events",
        "score": 0.9993309378623962,
        "box": [
            960,
            387,
            1037,
            415
        ]
    },
    "Home.Deal": {
        "text": "Deals",
        "score": 0.9990406036376953,
        "box": [
            967,
            531,
            1030,
            557
        ]
    },
    "Home.Exploration": {
        "text": "Exploration",
        "score": 0.9999743103981018,
        "box": [
            28,
            2411,
            186,
            2439
        ]
    },
    "Home.Heroes": {
        "text": "Heroes",
        "score": 0.999800980091095,
        "box": [
            228,
            2407,
            339,
            2440
        ]
    },
    "Home.Backpack": {
        "text": "Backpack",
        "score": 0.999982476234436,
        "box": [
            382,
            2410,
            531,
            2442
        ]
    },
    "Home.Shop": {
        "text": "Shop",
        "score": 0.9999544620513916,
        "box": [
            588,
            2406,
            671,
            2447
        ]
    },
    "Home.Alliance": {
        "text": "Alliance",
        "score": 0.9998621940612793,
        "box": [
            740,
            2407,
            864,
            2441
        ]
    },
    "Home.World": {
        "text": "World",
        "score": 0.9998614192008972,
        "box": [
            919,
            2405,
            1029,
            2441
        ]
    }
}