{
    "Home.Heroes.Title": {
        "text": "Heroes",
        "score": 0.999847948551178,
        "box": [
            12.59,
            6.18,
            27.96,
            8.5
        ]
    },
    "Home.Heroes.FirstHeroLevel": {
        "text": "Lv.80",
        "score": 0.9645840525627136,
        "box": [
            6.11,
            23.98,
            16.11,
            25.57
        ]
    },
    "Home.Heroes.SecondHeroLevel": {
        "text": "Lv.80",
        "score": 0.9535146951675415,
        "box": [
            29.54,
            24.02,
            39.26,
            25.49
        ]
    },
    "Home.Heroes.ThirdHeroLevel": {
        "text": "Lv.80",
        "score": 0.9468072056770325,
        "box": [
            52.5,
            24.19,
            62.31,
            25.41
        ]
    },
    "Home.Heroes.FourthHeroLevel": {
        "text": "Lv.80",
        "score": 0.9054864048957825,
        "box": [
            75.56,
            23.98,
            85.37,
            25.57
        ]
    },
    "Home.Heroes10": {
        "text": "Lv.80",
        "score": 0.9350689053535461,
        "box": [
            6.39,
            41.22,
            16.02,
            42.6
        ]
    },
    "Home.Heroes.FifthHeroLevel": {
        "text": "Lv.80",
        "score": 0.97222900390625,
        "box": [
            29.07,
            40.98,
            39.26,
            42.76
        ]
    },
    "Home.Heroes.SixthHeroLevel": {
        "text": "Lv.80",
        "score": 0.9759402275085449,
        "box": [
            52.59,
            41.14,
            62.41,
            42.6
        ]
    },
    "Home.Heroes.DrillCamp": {
        "text": "Drill Camp",
        "score": 0.9889768362045288,
        "box": [
            13.8,
            94.43,
            37.87,
            97.48
        ]
    },
    "Home.Heroes.RecruitHero": {
        "text": "Recruit Hero",
        "score": 0.9593567848205566,
        "box": [
            60.56,
            94.55,
            88.15,
            97.07
        ]
    }
}