{
    "Home.Exploration.Explore.Fight.MyPower": {
        "text": "10.2M",
        "score": 0.9895964860916138,
        "box": [
            13.06,
            6.14,
            29.26,
            9.19
        ]
    },
    "Home.Exploration.Explore.Fight.Level": {
        "text": "416",
        "score": 0.9997873902320862,
        "box": [
            46.02,
            6.54,
            53.98,
            8.62
        ]
    },
    "Home.Exploration.Explore.Fight.EnemyPower": {
        "text": "14.1M",
        "score": 0.9909912347793579,
        "box": [
            72.13,
            6.71,
            81.67,
            8.41
        ]
    },
    "Home.Exploration.Explore.Fight.Auto": {
        "text": "Auto",
        "score": 0.9970534443855286,
        "box": [
            87.13,
            73.62,
            95.83,
            75.45
        ]
    },
    "Home.Exploration.Explore.Fight.x2": {
        "text": "x2",
        "score": 0.9970534443855286,
        "box": [
            87.13,
            79.67,
            95.83,
            82.32
        ]
    },
    "Home.Exploration.Explore.Fight.ReturnToCity": {
        "text": "Return to City",
        "score": 0.9945525527000427,
        "box": [
            11.39,
            73.25,
            42.22,
            76.42
        ]
    }
}