{
    "Home.Alliance.Tech.Contribute.AllianceToken": {
        "text": "46,006 ",
        "score": 0.9225990176200867,
        "box": [
            54.17,
            5.81,
            71.2,
            8.25
        ]
    },
    "Home.Alliance.Tech.Contribute.Gems": {
        "text": "343,232+",
        "score": 0.9538639783859253,
        "box": [
            81.11,
            5.89,
            98.06,
            8.17
        ]
    },
    "Home.Alliance.Tech.Contribute.Title": {
        "text": "Long Live Our Alliance",
        "score": 0.9923179745674133,
        "box": [
            25.37,
            23.98,
            73.61,
            26.99
        ]
    },
    "Home.Alliance.Tech.Contribute.Attempts": {
        "text": "Attempts: 25/25",
        "score": 0.992963433265686,
        "box": [
            57.5,
            70.77,
            84.17,
            72.85
        ]
    },
    "Home.Alliance.Tech.Contribute.GemContribute": {
        "text": "Contribute",
        "score": 0.9996458292007446,
        "box": [
            20.09,
            73.9,
            38.06,
            76.06
        ]
    },
    "Home.Alliance.Tech.Contribute.GemContributeCost": {
        "text": "10",
        "score": 0.9998323917388916,
        "box": [
            28.61,
            75.98,
            34.17,
            78.05
        ]
    },
    "Home.Alliance.Tech.Contribute.FreeContribute": {
        "text": "Contribute",
        "score": 0.9989210963249207,
        "box": [
            62.04,
            74.07,
            79.81,
            75.93
        ]
    },
    "Home.Alliance.Tech.Contribute.FreeContributionCost": {
        "text": "10,000",
        "score": 0.9777953028678894,
        "box": [
            66.11,
            75.81,
            80.09,
            78.25
        ]
    }
}