{
    "Home.VIP.Title": {
        "text": "VIP",
        "score": 0.9950528740882874,
        "box": [
            12.59,
            6.22,
            20.65,
            8.25
        ]
    },
    "Home.VIP.Level": {
        "text": "6",
        "score": 0.998156726360321,
        "box": [
            61.48,
            13.13,
            63.89,
            14.39
        ]
    },
    "Home.VIP.Claim": {
        "text": "Claim",
        "score": 0.9949367642402649,
        "box": [
            75.28,
            71.02,
            86.48,
            73.29
        ]
    },
    "Home.VIP.RemainingVIPTime": {
        "text": "60d 00:44:19",
        "score": 0.9361606240272522,
        "box": [
            37.04,
            93.74,
            62.69,
            95.41
        ]
    },
    "Home.VIP.ObtainMore.Gems": {
        "text": "20,448",
        "score": 0.9995997548103333,
        "box": [
            81.57,
            5.73,
            93.8,
            7.64
        ]
    },
    "Home.VIP.ObtainMore.Title": {
        "text": "Obtain more",
        "score": 0.9995021820068359,
        "box": [
            37.78,
            20.53,
            62.5,
            22.64
        ]
    },
    "Home.VIP.ObtainMore.24HourPrice": {
        "text": "1,000",
        "score": 0.9906110763549805,
        "box": [
            77.69,
            45.33,
            87.5,
            47.24
        ]
    },
    "Home.VIP.ObtainMore.7DaysPrice": {
        "text": "3,000",
        "score": 0.9839468002319336,
        "box": [
            77.41,
            54.02,
            87.78,
            55.81
        ]
    },
    "Home.VIP.ObtainMore.30DaysPrice": {
        "text": "10,000",
        "score": 0.9930679202079773,
        "box": [
            76.2,
            62.56,
            88.43,
            64.59
        ]
    },
    "Home.VIP.CollectChest.ClickToContinue": {
        "text": "Click to continue",
        "score": 0.9968643188476562,
        "box": [
            35.65,
            94.11,
            64.07,
            95.93
        ]
    },
    "Home.VIP.Claim.TapAnywhereToExit": {
        "text": "Tap anywhere to exit",
        "score": 0.9697917699813843,
        "box": [
            31.76,
            93.13,
            68.15,
            95.08
        ]
    }
}