{
    "Home.Alliance.War.Title": {
        "text": "War",
        "score": 0.9933276176452637,
        "box": [
            12.31,
            6.02,
            23.33,
            8.46
        ]
    },
    "Home.Alliance.War.Rally": {
        "text": "Rally",
        "score": 0.9284232258796692,
        "box": [
            13.89,
            11.22,
            22.87,
            13.46
        ]
    },
    "Home.Alliance.War.Solo": {
        "text": "Solo",
        "score": 0.9987581968307495,
        "box": [
            45.93,
            11.75,
            53.89,
            13.74
        ]
    },
    "Home.Alliance.War.Events": {
        "text": "Events",
        "score": 0.9996068477630615,
        "box": [
            75.65,
            11.83,
            87.78,
            13.7
        ]
    },
    "Home.Alliance.War.AutoJoin": {
        "text": "Auto-join",
        "score": 0.9059187173843384,
        "box": [
            34.07,
            95.24,
            65.83,
            98.37
        ]
    },
    "Home.Alliance.War.AutoJoining": {
        "text": "Auto-joining",
        "score": 0.9059187173843384,
        "box": [
            34.07,
            95.24,
            61.57,
            98.37
        ]
    }
}