{
    "Home.Mail.Title": {
        "text": "Mail",
        "score": 0.9470533132553101,
        "box": [
            12.78,
            6.18,
            22.41,
            8.33
        ]
    },
    "Home.Mail.Wars": {
        "text": "Wars",
        "score": 0.9963416457176208,
        "box": [
            7.04,
            11.26,
            17.22,
            13.17
        ]
    },
    "Home.Mail.Alliance": {
        "text": "Alliance",
        "score": 0.9957841634750366,
        "box": [
            24.07,
            11.26,
            38.15,
            13.17
        ]
    },
    "Home.Mail.System": {
        "text": "System",
        "score": 0.999539852142334,
        "box": [
            43.7,
            11.38,
            56.3,
            13.41
        ]
    },
    "Home.Mail.Reports": {
        "text": "Reports",
        "score": 0.9997686147689819,
        "box": [
            62.22,
            11.14,
            75.83,
            13.21
        ]
    },
    "Home.Mail.Starred": {
        "text": "Starred",
        "score": 0.9997264742851257,
        "box": [
            81.39,
            11.42,
            94.35,
            13.09
        ]
    },
    "Home.Mail.DeleteAllReadMail": {
        "text": "Delete All Read Mail",
        "score": 0.9995648860931396,
        "box": [
            15.37,
            96.87,
            46.11,
            98.33
        ]
    },
    "Home.Mail.ReadAndClaim": {
        "text": "Claim All",
        "score": 0.952751636505127,
        "box": [
            77.78,
            96.75,
            92.59,
            98.41
        ]
    },
    "Home.Mail.TapAnywhereToExit": {
        "text": "Tap anywhere to exit",
        "score": 0.9175482988357544,
        "box": [
            31.76,
            93.09,
            68.06,
            94.96
        ]
    }
}