{
    "Home.Alliance.Help.Title": {
        "text": "Help",
        "score": 0.9970967769622803,
        "box": [
            11.94,
            5.85,
            23.43,
            8.94
        ]
    },
    "Home.Alliance.Help.HelpAll": {
        "text": "Help All",
        "score": 0.8528255224227905,
        "box": [
            41.02,
            94.27,
            58.98,
            97.4
        ]
    }
}