{
    "Home.Alliance.War.AutoJoin.Title": {
        "text": "Auto-Join",
        "score": 0.9991610646247864,
        "box": [
            431,
            527,
            647,
            576
        ]
    },
    "Home.Alliance.War.AutoJoin.UseFormation": {
        "text": "Use the Formation",
        "score": 0.9780745506286621,
        "box": [
            195,
            961,
            505,
            1008
        ]
    },
    "Home.Alliance.War.AutoJoin.IncreaseQueueLimit": {
        "text": "+",
        "score": 0.9467200636863708,
        "box": [
            699,
            1203,
            742,
            1242
        ]
    },
    "Home.Alliance.War.AutoJoin.QueueLimit": {
        "text": "6",
        "score": 0.997975766658783,
        "box": [
            863,
            1199,
            896,
            1237
        ]
    },
    "Home.Alliance.War.AutoJoin.AutoJoinAftreExit": {
        "text": "Only Auto-Join After Exiting Game",
        "score": 0.9847086071968079,
        "box": [
            287,
            1832,
            870,
            1882
        ]
    },
    "Home.Alliance.War.AutoJoin.Stop": {
        "text": "Stop",
        "score": 0.9964983463287354,
        "box": [
            209,
            1930,
            339,
            2018
        ]
    },
    "Home.Alliance.War.AutoJoin.Restart": {
        "text": "Restart",
        "score": 0.9998407959938049,
        "box": [
            665,
            1937,
            847,
            2001
        ]
    }
}