{
    "World.MarchQueue": {
        "text": "4/6",
        "score": 0.9763403534889221,
        "box": [
            294,
            421,
            364,
            463
        ]
    },
    "World.FirstMarchTime": {
        "text": "09:44:40",
        "score": 0.977952241897583,
        "box": [
            131,
            528,
            243,
            553
        ]
    },
    "World.SecondMarchTime": {
        "text": "09:43:57",
        "score": 0.967756450176239,
        "box": [
            134,
            620,
            238,
            645
        ]
    },
    "World.ThirdMarchTime": {
        "text": "09:10:01",
        "score": 0.9855250716209412,
        "box": [
            138,
            709,
            239,
            737
        ]
    },
    "World.FourthMarchTime": {
        "text": "10:14:25",
        "score": 0.9945790767669678,
        "box": [
            142,
            802,
            236,
            826
        ]
    },
    "World.FifthMarchTime": {
        "text": "00:00:10",
        "score": 0.9931122064590454,
        "box": [
            138,
            894,
            239,
            918
        ]
    },
    "World.City": {
        "text": "City",
        "score": 0.9988037347793579,
        "box": [
            933,
            2398,
            1015,
            2453
        ]
    }
}