{
    "World.Heal.Title": {
        "text": "Heal Injured",
        "score": 0.9994679093360901,
        "box": [
            379,
            807,
            652,
            868
        ]
    },
    "World.Heal.InjuredAmount": {
        "text": "23,300/180,300",
        "score": 0.9979678392410278,
        "box": [
            231,
            939,
            543,
            998
        ]
    },
    "World.Heal.QuickSelect": {
        "text": "Select",
        "score": 0.9449635744094849,
        "box": [
            132,
            1946,
            272,
            2000
        ]
    },
    "World.Heal.Finish": {
        "text": "Finish",
        "score": 0.9991945624351501,
        "box": [
            403,
            1891,
            523,
            1939
        ]
    },
    "World.Heal.Heal": {
        "text": "Heal",
        "score": 0.9993271827697754,
        "box": [
            729,
            1891,
            825,
            1941
        ]
    },
    "World.Heal.Cancel": {
        "text": "Cancel",
        "score": 0.9990423321723938,
        "box": [
            116,
            1909,
            286,
            1973
        ]
    },
    "World.Heal.Help": {
        "text": "Help",
        "score": 0.9951462745666504,
        "box": [
            708,
            1902,
            840,
            1988
        ]
    }
}