{
    "World.Heal.Title": {
        "text": "Heal Injured",
        "score": 0.9994679093360901,
        "box": [
            35.09,
            32.8,
            60.37,
            35.28
        ]
    },
    "World.Heal.InjuredAmount": {
        "text": "23,300/180,300",
        "score": 0.9979678392410278,
        "box": [
            21.39,
            38.17,
            50.28,
            40.57
        ]
    },
    "World.Heal.QuickSelect": {
        "text": "Select",
        "score": 0.9449635744094849,
        "box": [
            12.22,
            79.11,
            25.19,
            81.3
        ]
    },
    "World.Heal.Finish": {
        "text": "Finish",
        "score": 0.9991945624351501,
        "box": [
            37.31,
            76.87,
            48.43,
            78.82
        ]
    },
    "World.Heal.Heal": {
        "text": "Heal",
        "score": 0.9993271827697754,
        "box": [
            67.5,
            76.87,
            76.39,
            78.9
        ]
    },
    "World.Heal.Cancel": {
        "text": "Cancel",
        "score": 0.9990423321723938,
        "box": [
            10.74,
            77.6,
            26.48,
            80.2
        ]
    },
    "World.Heal.Help": {
        "text": "Help",
        "score": 0.9951462745666504,
        "box": [
            65.56,
            77.32,
            77.78,
            80.81
        ]
    }
}