{
    "World.Deploy.Balance.Title": {
        "text": "Balance",
        "score": 0.9995089769363403,
        "box": [
            41.39,
            31.5,
            58.89,
            34.07
        ]
    },
    "World.Deploy.Balance.TotalRatio": {
        "text": "100%/100%",
        "score": 0.999629020690918,
        "box": [
            39.44,
            36.75,
            61.11,
            38.98
        ]
    },
    "World.Deploy.Balance.InfantryRatio": {
        "text": "50",
        "score": 0.9998807907104492,
        "box": [
            79.63,
            44.72,
            85.56,
            46.71
        ]
    },
    "World.Deploy.Balance.LancerRatio": {
        "text": "20",
        "score": 0.9999322295188904,
        "box": [
            79.63,
            53.66,
            85.56,
            55.65
        ]
    },
    "World.Deploy.Balance.MarksmanRatio": {
        "text": "30",
        "score": 0.9997289180755615,
        "box": [
            79.63,
            62.56,
            85.56,
            64.55
        ]
    },
    "World.Deploy.Balance.Confirm": {
        "text": "Confirm",
        "score": 0.9990646243095398,
        "box": [
            40.74,
            71.87,
            59.35,
            74.19
        ]
    }
}