{
     "World.Search.ItemLevel": {
        "text": "29",
        "score": 0.9995030760765076,
        "box": [
            886,
            2103,
            937,
            2139
        ]
    },
    "World.Search.Search": {
        "text": "Search",
        "score": 0.9997553825378418,
        "box": [
            457,
            2332,
            625,
            2390
        ]
    },
    "World.Search.ItemBox": {
        "text": null,
        "score": null,
        "box": [
            0,
            1940,
            1080,
            1980
        ]
    }
}