{
    "World.MarchQueue": {
        "text": "4/6",
        "score": 0.9763403534889221,
        "box": [
            27.22,
            17.11,
            33.7,
            18.82
        ]
    },
    "World.FirstMarchTime": {
        "text": "09:44:40",
        "score": 0.977952241897583,
        "box": [
            12.13,
            21.46,
            22.5,
            22.48
        ]
    },
    "World.SecondMarchTime": {
        "text": "09:43:57",
        "score": 0.967756450176239,
        "box": [
            12.41,
            25.2,
            22.04,
            26.22
        ]
    },
    "World.ThirdMarchTime": {
        "text": "09:10:01",
        "score": 0.9855250716209412,
        "box": [
            12.78,
            28.82,
            22.13,
            29.96
        ]
    },
    "World.FourthMarchTime": {
        "text": "10:14:25",
        "score": 0.9945790767669678,
        "box": [
            13.15,
            32.6,
            21.85,
            33.58
        ]
    },
    "World.FifthMarchTime": {
        "text": "00:00:10",
        "score": 0.9931122064590454,
        "box": [
            12.78,
            36.34,
            22.13,
            37.32
        ]
    },
    "World.City": {
        "text": "City",
        "score": 0.9988037347793579,
        "box": [
            86.39,
            97.48,
            93.98,
            99.72
        ]
    },
    "World.Recall.Title": {
        "text": "Recall",
        "score": 0.9994792342185974,
        "box": [
            43.43,
            39.39,
            56.57,
            41.75
        ]
    },
    "World.Recall.Cancel": {
        "text": "Cancel",
        "score": 0.9991603493690491,
        "box": [
            21.02,
            60.16,
            36.94,
            62.64
        ]
    },
    "World.Recall.Confirm": {
        "text": "Confirm",
        "score": 0.9976161122322083,
        "box": [
            61.57,
            60.04,
            81.48,
            62.76
        ]
    }
}