{
    "World.Search.GatheringTime": {
        "text": "10:45:02",
        "score": 0.9998347163200378,
        "box": [
            63.8,
            44.02,
            75.65,
            45.33
        ]
    },
    "World.Search.Gather": {
        "text": "Gather",
        "score": 0.9969282746315002,
        "box": [
            43.61,
            50.0,
            56.67,
            52.11
        ]
    }
}