{
    "World.Search.GatheringTime": {
        "text": "10:45:02",
        "score": 0.9998347163200378,
        "box": [
            689,
            1083,
            817,
            1115
        ]
    },
    "World.Search.Gather": {
        "text": "Gather",
        "score": 0.9969282746315002,
        "box": [
            471,
            1230,
            612,
            1282
        ]
    }
}